source,target,weight
5,1746,0.2296781688928604
5,2306,0.22859352827072144
5,1142,0.22631697356700897
5,3022,0.2262730598449707
5,463,0.21802011132240295
5,1505,0.20142146944999695
5,1981,0.19182637333869934
5,552,0.18847264349460602
1333,2906,0.22688476741313934
1333,2005,0.22341807186603546
1333,379,0.21928246319293976
1333,2218,0.21161700785160065
1333,349,0.20386947691440582
1333,817,0.2011830359697342
1333,789,0.2003515660762787
1333,1647,0.19939585030078888
48,1003,0.27399635314941406
48,1741,0.2472386360168457
48,1208,0.2135336846113205
48,1642,0.21261222660541534
48,2464,0.19942215085029602
48,2802,0.19874557852745056
48,3066,0.19829463958740234
48,1329,0.19597949087619781
37,370,0.22891241312026978
37,2915,0.2158520370721817
37,2617,0.2122361958026886
37,822,0.2106633186340332
37,617,0.21056720614433289
37,2561,0.20390179753303528
37,2935,0.19735878705978394
37,1423,0.19671404361724854
111,3070,0.2425146847963333
111,1444,0.21733346581459045
111,55,0.21200576424598694
111,1522,0.20925043523311615
111,447,0.20532892644405365
111,1970,0.20064213871955872
111,2054,0.19900839030742645
111,1594,0.1961425095796585
2,1028,0.22775046527385712
2,768,0.2163715809583664
2,1434,0.2034924030303955
2,1639,0.1964263916015625
2,2374,0.19618462026119232
2,1868,0.19432950019836426
2,1776,0.19405436515808105
2,1781,0.19051405787467957
476,2883,0.25413018465042114
476,1532,0.2184053361415863
476,2172,0.21666908264160156
476,1956,0.21331121027469635
476,1415,0.2133016586303711
476,2497,0.20610319077968597
476,2412,0.20426428318023682
476,553,0.20315057039260864
3,467,0.2367357462644577
3,3263,0.2357168346643448
3,2018,0.22946421802043915
3,1944,0.21641166508197784
3,2148,0.21625657379627228
3,1627,0.21189655363559723
3,2523,0.20426273345947266
3,19,0.2039407193660736
69,1584,0.2417723685503006
69,3317,0.22010494768619537
69,686,0.21979571878910065
69,2776,0.20356599986553192
69,2357,0.20233918726444244
69,2954,0.1937117725610733
69,634,0.18904300034046173
69,969,0.18768179416656494
249,1855,0.23794621229171753
249,2154,0.2229682058095932
249,232,0.21208906173706055
249,581,0.2089921236038208
249,1272,0.20896373689174652
249,2610,0.20663905143737793
249,985,0.20256760716438293
249,291,0.20202289521694183
451,25,0.24067379534244537
451,2502,0.23905448615550995
451,2736,0.23463496565818787
451,2403,0.2294466644525528
451,939,0.22633472084999084
451,1309,0.22106194496154785
451,3152,0.20933102071285248
451,1023,0.20891600847244263
1,2888,0.26232367753982544
1,3107,0.2569790482521057
1,705,0.22485840320587158
1,234,0.2206733673810959
1,994,0.21653592586517334
1,674,0.20886658132076263
1,2281,0.20176547765731812
1,1210,0.19869476556777954
425,368,0.2514485716819763
425,756,0.21881693601608276
425,3337,0.21822310984134674
425,2250,0.21788665652275085
425,41,0.21763108670711517
425,51,0.21120555698871613
425,2384,0.20583932101726532
425,3353,0.20477740466594696
81,2389,0.2663748264312744
81,2122,0.2485734075307846
81,933,0.24501289427280426
81,1993,0.239020437002182
81,2678,0.22704774141311646
81,3377,0.2135402113199234
81,1640,0.19914814829826355
81,1850,0.19718049466609955
68,1786,0.23073376715183258
68,411,0.21932867169380188
68,474,0.21141092479228973
68,2220,0.2092730551958084
68,857,0.19493407011032104
68,371,0.19464826583862305
68,3158,0.19188480079174042
68,3033,0.19082042574882507
94,1184,0.24656346440315247
94,789,0.23000654578208923
94,47,0.22616048157215118
94,2808,0.2104872614145279
94,2229,0.2069462686777115
94,1982,0.20438675582408905
94,431,0.19448384642601013
94,200,0.19447976350784302
73,3378,0.26460883021354675
73,1555,0.25394895672798157
73,65,0.24540431797504425
73,2686,0.24303731322288513
73,1191,0.22941458225250244
73,1318,0.2288726419210434
73,1311,0.22711804509162903
73,3356,0.2173316478729248
1744,3014,0.2298736721277237
1744,2886,0.2068129926919937
1744,3201,0.205057755112648
1744,16,0.19653332233428955
1744,1256,0.19213160872459412
1744,2084,0.18859612941741943
1744,1565,0.18422141671180725
1744,3054,0.18161612749099731
469,1443,0.232805535197258
469,2526,0.21032288670539856
469,234,0.2085409313440323
469,1560,0.20797698199748993
469,1571,0.20239907503128052
469,2069,0.20232325792312622
469,1116,0.20063555240631104
469,2434,0.20053881406784058
86,665,0.23438873887062073
86,1486,0.23205842077732086
86,1289,0.2129039764404297
86,3009,0.2092515379190445
86,1325,0.18839065730571747
86,3317,0.1878025233745575
86,2962,0.18693163990974426
86,2515,0.18685895204544067
179,2159,0.2254686951637268
179,2155,0.21998794376850128
179,407,0.21965815126895905
179,3094,0.21725723147392273
179,2309,0.21612973511219025
179,1120,0.208994060754776
179,252,0.2042677104473114
179,1156,0.20217196643352509
7,1350,0.23964667320251465
7,2948,0.23394159972667694
7,835,0.23299232125282288
7,370,0.22910982370376587
7,1762,0.22385583817958832
7,3186,0.21885888278484344
7,3036,0.21718713641166687
7,2099,0.20506086945533752
354,1754,0.27276793122291565
354,1563,0.25876742601394653
354,500,0.25872480869293213
354,1630,0.23817166686058044
354,945,0.22409091889858246
354,1628,0.22019273042678833
354,693,0.21175958216190338
354,2997,0.21098361909389496
405,2490,0.25708794593811035
405,607,0.24486207962036133
405,342,0.22522327303886414
405,1054,0.2153877466917038
405,324,0.21163585782051086
405,1301,0.2099829912185669
405,701,0.20960967242717743
405,1145,0.2040220946073532
355,2458,0.2422611117362976
355,1846,0.2365817427635193
355,1144,0.22601263225078583
355,348,0.22527240216732025
355,2417,0.22447699308395386
355,2566,0.22444237768650055
355,2617,0.21694990992546082
355,2707,0.2117510735988617
109,2756,0.27392464876174927
109,3199,0.2703472673892975
109,2543,0.24646393954753876
109,965,0.24276454746723175
109,995,0.22838829457759857
109,3311,0.22424805164337158
109,738,0.20703372359275818
109,2668,0.20518898963928223
525,1973,0.28136688470840454
525,2166,0.23924624919891357
525,1957,0.20658305287361145
525,1782,0.19836363196372986
525,283,0.19387462735176086
525,267,0.19299359619617462
525,2007,0.19002947211265564
525,2828,0.187858447432518
603,1578,0.26334458589553833
603,322,0.2402019202709198
603,1796,0.23677873611450195
603,1048,0.21855299174785614
603,304,0.21628810465335846
603,2404,0.21424314379692078
603,108,0.21206289529800415
603,1407,0.2104901671409607
72,2179,0.26793748140335083
72,1810,0.22810538113117218
72,54,0.20622162520885468
72,1892,0.20070171356201172
72,1398,0.20062807202339172
72,661,0.19889964163303375
72,507,0.19602687656879425
72,1858,0.19525958597660065
387,2430,0.23500533401966095
387,3001,0.2340349406003952
387,1764,0.2203565090894699
387,2810,0.21668168902397156
387,582,0.21464496850967407
387,1020,0.2068379670381546
387,2569,0.20550645887851715
387,313,0.20477458834648132
0,1129,0.25134775042533875
0,1141,0.2323891818523407
0,3311,0.22296111285686493
0,2880,0.21992532908916473
0,1336,0.20553801953792572
0,1196,0.20477497577667236
0,2348,0.19945365190505981
0,3102,0.1970594972372055
291,1575,0.28234878182411194
291,3372,0.232332244515419
291,277,0.22975297272205353
291,924,0.22828039526939392
291,2033,0.21744464337825775
291,2151,0.2149122655391693
291,2006,0.21397623419761658
291,1098,0.20652590692043304
83,2758,0.26676392555236816
83,2053,0.2314542979001999
83,1392,0.22242875397205353
83,1164,0.20418691635131836
83,2694,0.1938035637140274
83,883,0.19205057621002197
83,2437,0.18994095921516418
83,3162,0.18971143662929535
4,492,0.24956361949443817
4,1310,0.23535582423210144
4,2088,0.20516788959503174
4,2193,0.20203757286071777
4,865,0.20011764764785767
4,1009,0.1960565745830536
4,2583,0.19269157946109772
4,1883,0.1924610733985901
12,16,0.25534728169441223
12,1873,0.24146011471748352
12,3052,0.240804523229599
12,1774,0.22843317687511444
12,1879,0.2141004502773285
12,2843,0.2122611701488495
12,517,0.20311729609966278
12,1871,0.20234082639217377
42,2257,0.22141166031360626
42,3294,0.21534697711467743
42,674,0.21342654526233673
42,3275,0.20823071897029877
42,1855,0.20542049407958984
42,1284,0.2009776085615158
42,1260,0.20091547071933746
42,2314,0.19947847723960876
10,384,0.24857313930988312
10,2212,0.24437539279460907
10,2362,0.2332845777273178
10,2543,0.22885705530643463
10,1463,0.22073137760162354
10,212,0.21681015193462372
10,896,0.20815852284431458
10,722,0.19872009754180908
84,1653,0.2182147204875946
84,117,0.21110032498836517
84,2738,0.2108655869960785
84,1729,0.2092178761959076
84,1448,0.20552515983581543
84,1162,0.20465847849845886
84,2792,0.20173339545726776
84,2405,0.2016332596540451
189,1782,0.2842442989349365
189,1891,0.251090943813324
189,1362,0.24702335894107819
189,115,0.215203657746315
189,2435,0.2098095715045929
189,228,0.20112645626068115
189,1514,0.19482962787151337
189,3082,0.1922106295824051
426,2432,0.23076967895030975
426,113,0.22669100761413574
426,1106,0.21861441433429718
426,2427,0.21273726224899292
426,1904,0.2063400000333786
426,2906,0.19957129657268524
426,49,0.19898445904254913
426,1342,0.19798976182937622
194,1204,0.23366060853004456
194,2440,0.2187798172235489
194,143,0.21800903975963593
194,3082,0.21324552595615387
194,434,0.2113477885723114
194,2144,0.20869526267051697
194,47,0.20770400762557983
194,640,0.19946475327014923
516,3253,0.2808975577354431
516,1911,0.2555285692214966
516,1131,0.2480476349592209
516,1331,0.23614084720611572
516,1066,0.22443799674510956
516,495,0.22252027690410614
516,217,0.21744762361049652
516,2057,0.20894426107406616
23,1347,0.2382199913263321
23,3175,0.2309073656797409
23,1532,0.2283240556716919
23,1139,0.21285110712051392
23,994,0.21046751737594604
23,627,0.20607741177082062
23,323,0.19323047995567322
23,286,0.1894705593585968
540,2434,0.22306084632873535
540,1440,0.22177322208881378
540,2178,0.22143082320690155
540,352,0.2118629366159439
540,2598,0.21086817979812622
540,2295,0.20735207200050354
540,659,0.20675188302993774
540,2037,0.20586644113063812
230,529,0.2517983317375183
230,800,0.251617968082428
230,2743,0.21995583176612854
230,2602,0.19954289495944977
230,2086,0.1988985687494278
230,840,0.19439144432544708
230,2643,0.19354701042175293
230,1445,0.1926412433385849
1127,1269,0.23522862792015076
1127,487,0.22261257469654083
1127,2445,0.2192452847957611
1127,982,0.215986430644989
1127,205,0.2084442675113678
1127,2146,0.20829971134662628
1127,3080,0.20763373374938965
1127,863,0.20171016454696655
218,1694,0.2824830114841461
218,2261,0.21894218027591705
218,2501,0.203713059425354
218,506,0.20335683226585388
218,925,0.20098178088665009
218,1209,0.19999150931835175
218,3282,0.1960393637418747
218,2784,0.19042982161045074
1013,1936,0.22709281742572784
1013,3081,0.21883639693260193
1013,150,0.21337713301181793
1013,3373,0.2095697671175003
1013,293,0.20634043216705322
1013,828,0.2019333839416504
1013,1094,0.19830411672592163
1013,117,0.1969054490327835
557,2280,0.2510083317756653
557,3237,0.22664852440357208
557,1275,0.2253173440694809
557,1772,0.22327877581119537
557,1899,0.22179193794727325
557,1757,0.21125368773937225
557,1706,0.21000418066978455
557,1848,0.20765791833400726
379,479,0.22863195836544037
379,1646,0.22581855952739716
379,1333,0.21928241848945618
379,890,0.21502375602722168
379,1713,0.2081671506166458
379,336,0.2042946219444275
379,3012,0.20182101428508759
379,1007,0.20173169672489166
166,2811,0.3101871907711029
166,1253,0.2569655776023865
166,1526,0.2553137540817261
166,2465,0.2530893087387085
166,677,0.24868030846118927
166,1939,0.2479330599308014
166,1825,0.24293608963489532
166,1776,0.23465567827224731
1399,1850,0.27263718843460083
1399,1489,0.260710746049881
1399,2047,0.241085946559906
1399,13,0.2237088978290558
1399,2373,0.21377010643482208
1399,1584,0.20754927396774292
1399,2343,0.20516526699066162
1399,2359,0.19756346940994263
90,2040,0.23914924263954163
90,1540,0.23022960126399994
90,1948,0.2091071903705597
90,2340,0.19994698464870453
90,1942,0.19944432377815247
90,927,0.19777384400367737
90,92,0.1929554045200348
90,578,0.19230243563652039
128,2937,0.2449047863483429
128,2656,0.23123487830162048
128,1435,0.20919369161128998
128,603,0.20870444178581238
128,2161,0.20604440569877625
128,3109,0.20229743421077728
128,532,0.1965913623571396
128,3186,0.193369522690773
61,3135,0.2286021113395691
61,770,0.22230878472328186
61,3290,0.21785473823547363
61,2678,0.20747269690036774
61,2898,0.1979495733976364
61,3269,0.1904425472021103
61,2197,0.18837252259254456
61,845,0.18754354119300842
57,3261,0.23944224417209625
57,3177,0.23301313817501068
57,2425,0.22236277163028717
57,3090,0.21531863510608673
57,259,0.2143615484237671
57,326,0.2116248607635498
57,842,0.19749917089939117
57,598,0.19528473913669586
161,3244,0.24435953795909882
161,3022,0.23670139908790588
161,127,0.23259131610393524
161,2716,0.209193617105484
161,3180,0.19691726565361023
161,1633,0.1958845555782318
161,2009,0.19144216179847717
161,1941,0.1896560937166214
45,591,0.22007539868354797
45,3039,0.21201878786087036
45,1421,0.21092693507671356
45,2954,0.2087882161140442
45,2672,0.20684325695037842
45,1966,0.20443405210971832
45,3383,0.20173628628253937
45,2056,0.20012818276882172
404,3150,0.26602703332901
404,751,0.2600278854370117
404,2238,0.23066963255405426
404,1793,0.22100907564163208
404,1337,0.2126445770263672
404,1791,0.21078510582447052
404,658,0.20343971252441406
404,3045,0.20077744126319885
21,3345,0.24587246775627136
21,973,0.22248952090740204
21,582,0.22150306403636932
21,312,0.21204975247383118
21,3222,0.2100818157196045
21,2110,0.20928730070590973
21,1630,0.20122872292995453
21,3166,0.19710521399974823
15,943,0.20533786714076996
15,1755,0.1969553679227829
15,3321,0.19579534232616425
15,922,0.19177748262882233
15,3403,0.1890002340078354
15,1132,0.18811331689357758
15,1683,0.18772923946380615
15,889,0.18472005426883698
71,1067,0.2200002521276474
71,3182,0.2139422595500946
71,891,0.20553439855575562
71,1347,0.20551404356956482
71,2197,0.20081652700901031
71,438,0.2001863270998001
71,948,0.19133728742599487
71,1825,0.1900782436132431
135,3005,0.23150518536567688
135,517,0.217547208070755
135,990,0.20780633389949799
135,1951,0.20764166116714478
135,1723,0.20481926202774048
135,3342,0.20225316286087036
135,2537,0.19996218383312225
135,213,0.19493797421455383
16,12,0.2553473114967346
16,1485,0.24224752187728882
16,801,0.23656733334064484
16,2443,0.2104138284921646
16,920,0.20930317044258118
16,975,0.2071617692708969
16,3237,0.20140552520751953
16,1311,0.20121750235557556
11,481,0.23845066130161285
11,2080,0.22771666944026947
11,199,0.2218887358903885
11,1128,0.21627089381217957
11,25,0.2075449526309967
11,1846,0.20550040900707245
11,3321,0.1996670961380005
11,283,0.1995762288570404
318,2696,0.27151602506637573
318,691,0.2154795229434967
318,206,0.20938825607299805
318,1542,0.20762434601783752
318,2128,0.20635540783405304
318,368,0.20235832035541534
318,150,0.19921202957630157
318,2498,0.19738592207431793
35,1702,0.2617233097553253
35,3026,0.22148515284061432
35,2570,0.2122526466846466
35,3236,0.20986345410346985
35,2851,0.208486869931221
35,1912,0.20823265612125397
35,655,0.2015240341424942
35,1634,0.1984611600637436
259,2797,0.28512436151504517
259,2258,0.23865972459316254
259,188,0.23100794851779938
259,362,0.2278316766023636
259,3293,0.2179720103740692
259,1011,0.2160474807024002
259,1535,0.2159065455198288
259,57,0.2143615484237671
1086,243,0.22206048667430878
1086,814,0.21941065788269043
1086,1932,0.21860197186470032
1086,1847,0.21735918521881104
1086,157,0.2162497341632843
1086,2334,0.21229888498783112
1086,1358,0.20038922131061554
1086,2685,0.19212450087070465
104,1373,0.24667099118232727
104,368,0.23130157589912415
104,749,0.22831451892852783
104,1615,0.2208268642425537
104,2099,0.20859172940254211
104,1448,0.20214331150054932
104,222,0.20028240978717804
104,2249,0.1981852650642395
63,1496,0.2342270314693451
63,305,0.22635728120803833
63,2927,0.21872678399085999
63,835,0.2163754254579544
63,1569,0.2106524258852005
63,2262,0.20147541165351868
63,306,0.20083284378051758
63,7,0.19991044700145721
875,324,0.2364373803138733
875,3371,0.21617238223552704
875,3358,0.21477064490318298
875,828,0.20582936704158783
875,3023,0.20293790102005005
875,2670,0.20270009338855743
875,2142,0.2012818455696106
875,765,0.2001544088125229
9,1552,0.22966697812080383
9,255,0.22910946607589722
9,1071,0.2280336171388626
9,152,0.22162975370883942
9,3004,0.2171526402235031
9,386,0.21680758893489838
9,2863,0.21395032107830048
9,1309,0.20563748478889465
186,1689,0.2753508985042572
186,419,0.2302568405866623
186,75,0.2246258705854416
186,662,0.22074522078037262
186,2021,0.20791848003864288
186,1773,0.2075829803943634
186,2646,0.20551536977291107
186,325,0.2016453593969345
134,2225,0.25210583209991455
134,2459,0.2478846311569214
134,3144,0.22042198479175568
134,3122,0.2197534441947937
134,3062,0.2182164192199707
134,2930,0.20753850042819977
134,882,0.20563018321990967
134,3297,0.20366351306438446
602,1256,0.2570081353187561
602,1665,0.24952669441699982
602,443,0.22530511021614075
602,1742,0.2174513190984726
602,574,0.21260614693164825
602,2052,0.20632150769233704
602,3199,0.20463407039642334
602,1123,0.2012251615524292
13,2136,0.23663151264190674
13,2324,0.23167026042938232
13,1399,0.22370897233486176
13,1447,0.20887808501720428
13,1490,0.2038262039422989
13,2768,0.2017134726047516
13,3141,0.19273081421852112
13,1089,0.19127677381038666
446,2248,0.2491588294506073
446,889,0.2383165806531906
446,3131,0.234816774725914
446,747,0.23089393973350525
446,1476,0.2108796238899231
446,309,0.20996122062206268
446,1341,0.20337487757205963
446,351,0.19836391508579254
44,2722,0.2542424499988556
44,1306,0.24533423781394958
44,1293,0.22565950453281403
44,1527,0.22384774684906006
44,2399,0.21758294105529785
44,2690,0.2174224555492401
44,837,0.20738928020000458
44,1505,0.20238414406776428
587,1021,0.22660550475120544
587,3087,0.21262745559215546
587,1121,0.20662455260753632
587,1676,0.197483092546463
587,863,0.1954534500837326
587,3126,0.19007058441638947
587,3185,0.18982914090156555
587,1505,0.1893361210823059
969,1378,0.2277577668428421
969,2765,0.2195495218038559
969,1816,0.21693651378154755
969,2506,0.20230934023857117
969,353,0.19861526787281036
969,1980,0.19654414057731628
969,980,0.19591665267944336
969,702,0.19168248772621155
286,1684,0.2631808817386627
286,2654,0.25326773524284363
286,2207,0.2505123019218445
286,3211,0.24814657866954803
286,1071,0.2369941622018814
286,2624,0.2298959642648697
286,1688,0.20044903457164764
286,1667,0.20021796226501465
294,2784,0.26597729325294495
294,2378,0.24034008383750916
294,433,0.22719590365886688
294,944,0.22336257994174957
294,1495,0.20572663843631744
294,1190,0.20497439801692963
294,648,0.20033395290374756
294,3053,0.19514857232570648
121,3102,0.24724602699279785
121,924,0.223383828997612
121,1542,0.22264428436756134
121,383,0.20891466736793518
121,393,0.20235687494277954
121,2599,0.1992858350276947
121,2287,0.19736959040164948
121,550,0.19703634083271027
511,862,0.27483057975769043
511,552,0.24222517013549805
511,1174,0.20970790088176727
511,1066,0.20697151124477386
511,1412,0.2047174870967865
511,58,0.20380385220050812
511,520,0.19889071583747864
511,2642,0.19567914307117462
85,226,0.24272583425045013
85,2016,0.2242620438337326
85,3191,0.21046362817287445
85,412,0.2019621580839157
85,2653,0.20041364431381226
85,889,0.1994805634021759
85,916,0.19933083653450012
85,1961,0.19903643429279327
308,2189,0.2671796977519989
308,1301,0.25068458914756775
308,2729,0.24161408841609955
308,593,0.24141867458820343
308,321,0.21820826828479767
308,200,0.21728166937828064
308,2203,0.2139965295791626
308,2133,0.21261584758758545
383,2877,0.2456054538488388
383,3154,0.22994713485240936
383,2770,0.22021985054016113
383,121,0.20891466736793518
383,1878,0.2088148295879364
383,1969,0.20151904225349426
383,1962,0.2011422961950302
383,87,0.19889383018016815
357,1718,0.24409902095794678
357,2237,0.22691099345684052
357,1933,0.22638025879859924
357,2239,0.225785031914711
357,236,0.22027389705181122
357,1019,0.21895577013492584
357,1975,0.20837050676345825
357,2669,0.2062111496925354
1653,3338,0.2595749497413635
1653,3121,0.2389552742242813
1653,651,0.22866185009479523
1653,150,0.22405153512954712
1653,148,0.22208477556705475
1653,84,0.21821469068527222
1653,359,0.21324490010738373
1653,2738,0.20932696759700775
17,2307,0.26593711972236633
17,1699,0.23566611111164093
17,1730,0.2280333936214447
17,2121,0.22100219130516052
17,999,0.22060617804527283
17,961,0.2074466496706009
17,701,0.20648960769176483
17,237,0.20442132651805878
46,733,0.3021053671836853
46,79,0.25002753734588623
46,3075,0.24219344556331635
46,2822,0.22896692156791687
46,1115,0.22796271741390228
46,2078,0.2267947643995285
46,2241,0.22538502514362335
46,1113,0.22252047061920166
91,995,0.2887839674949646
91,1193,0.22828549146652222
91,2282,0.22757983207702637
91,1312,0.22667576372623444
91,551,0.2231738567352295
91,3233,0.21799294650554657
91,1426,0.21181045472621918
91,46,0.2102254331111908
133,3339,0.262448251247406
133,1603,0.25414958596229553
133,727,0.23897376656532288
133,1454,0.21940827369689941
133,1404,0.21456201374530792
133,3281,0.20656761527061462
133,3185,0.19735489785671234
133,440,0.19528092443943024
695,2536,0.24280092120170593
695,1946,0.21506860852241516
695,1808,0.2139628529548645
695,964,0.21268129348754883
695,668,0.20655123889446259
695,26,0.2064196765422821
695,933,0.20465484261512756
695,2828,0.19814518094062805
119,2317,0.2313787341117859
119,1292,0.22376185655593872
119,1254,0.20817312598228455
119,1159,0.20189127326011658
119,1384,0.20014454424381256
119,2757,0.19562627375125885
119,626,0.19358648359775543
119,2820,0.19303984940052032
117,1618,0.25881052017211914
117,84,0.21110035479068756
117,592,0.21067145466804504
117,3317,0.1990629881620407
117,2804,0.19882071018218994
117,949,0.19750423729419708
117,1013,0.1969054788351059
117,296,0.1948714405298233
407,2256,0.2719177305698395
407,179,0.21965815126895905
407,3324,0.21366466581821442
407,2283,0.20907394587993622
407,2562,0.2066010981798172
407,2998,0.20353734493255615
407,460,0.2026328295469284
407,666,0.20115378499031067
145,417,0.2678220868110657
145,1515,0.21242375671863556
145,20,0.19976307451725006
145,1078,0.191786989569664
145,2927,0.1910730004310608
145,640,0.18814952671527863
145,330,0.187372624874115
145,1018,0.18542778491973877
312,885,0.22082144021987915
312,3098,0.21552284061908722
312,21,0.21204979717731476
312,332,0.21148860454559326
312,2027,0.2113713026046753
312,818,0.2107582986354828
312,890,0.1996205896139145
312,3345,0.19466857612133026
201,3140,0.24394865334033966
201,2128,0.2397589385509491
201,802,0.22480003535747528
201,2069,0.21267372369766235
201,1884,0.20746783912181854
201,1024,0.20401714742183685
201,1652,0.19944582879543304
201,2300,0.19708824157714844
38,2400,0.24855221807956696
38,3080,0.20959624648094177
38,2113,0.20927771925926208
38,351,0.20317070186138153
38,1827,0.19667747616767883
38,1334,0.19217798113822937
38,3281,0.1903526335954666
38,1680,0.1884128600358963
18,131,0.2244485765695572
18,1605,0.20823140442371368
18,770,0.20604318380355835
18,1575,0.20543906092643738
18,1534,0.20212015509605408
18,291,0.19322332739830017
18,3154,0.19162511825561523
18,1782,0.18983735144138336
397,2555,0.28085407614707947
397,1271,0.22248439490795135
397,806,0.22002607583999634
397,1706,0.21943442523479462
397,3361,0.21187524497509003
397,604,0.21019265055656433
397,3198,0.2050415277481079
397,1940,0.20316091179847717
267,2489,0.2607673704624176
267,1486,0.21542932093143463
267,663,0.21398410201072693
267,1961,0.20517651736736298
267,1519,0.2013753354549408
267,1321,0.1993766874074936
267,525,0.1929936558008194
267,1518,0.19296744465827942
271,1824,0.2472297102212906
271,2708,0.23841217160224915
271,1953,0.23325328528881073
271,696,0.22113192081451416
271,2190,0.20799829065799713
271,3016,0.2016836404800415
271,2994,0.20149420201778412
271,627,0.2004747986793518
226,646,0.26919329166412354
226,2641,0.26625582575798035
226,85,0.24272584915161133
226,112,0.23031648993492126
226,1467,0.21396605670452118
226,2627,0.21321526169776917
226,3190,0.211871936917305
226,1410,0.21157634258270264
239,2603,0.2398565411567688
239,1205,0.22560255229473114
239,610,0.21553027629852295
239,728,0.20638418197631836
239,1423,0.2029598206281662
239,109,0.2006097435951233
239,3283,0.19892117381095886
239,1156,0.1981876939535141
36,2312,0.23277775943279266
36,1361,0.23270656168460846
36,939,0.23085668683052063
36,1017,0.21884803473949432
36,1615,0.21809124946594238
36,491,0.21610425412654877
36,693,0.2133890688419342
36,1993,0.21069496870040894
2178,921,0.23806868493556976
2178,951,0.23645904660224915
2178,1935,0.2264241725206375
2178,540,0.22143085300922394
2178,2621,0.21028396487236023
2178,2921,0.1940593272447586
2178,328,0.19256454706192017
2178,699,0.1910782903432846
579,657,0.29213833808898926
579,2219,0.25029826164245605
579,2477,0.21925535798072815
579,1032,0.21552269160747528
579,3330,0.21252752840518951
579,984,0.2100370228290558
579,1825,0.20406734943389893
579,593,0.19722063839435577
159,2409,0.27677085995674133
159,1235,0.2374429702758789
159,2759,0.229093536734581
159,2179,0.22564201056957245
159,1239,0.22346171736717224
159,2540,0.209302619099617
159,2294,0.20480410754680634
159,799,0.20310844480991364
66,2862,0.2832871377468109
66,1418,0.24649697542190552
66,1251,0.22298721969127655
66,1357,0.21272072196006775
66,2617,0.21240973472595215
66,2681,0.2104472815990448
66,1753,0.20061445236206055
66,2523,0.1989186853170395
162,1363,0.22914034128189087
162,1078,0.22184111177921295
162,2009,0.22039328515529633
162,2867,0.21916988492012024
162,2109,0.21566332876682281
162,2502,0.2035398632287979
162,1743,0.2022409737110138
162,948,0.19498249888420105
243,911,0.2383953481912613
243,1086,0.22206051647663116
243,2432,0.21646450459957123
243,324,0.20999012887477875
243,2670,0.20685185492038727
243,3118,0.19821694493293762
243,2516,0.19611111283302307
243,744,0.19519951939582825
431,605,0.2754623293876648
431,1452,0.2638707756996155
431,1445,0.2182142436504364
431,940,0.21529188752174377
431,1189,0.2057996243238449
431,3034,0.20538592338562012
431,1112,0.2029469758272171
431,467,0.19824668765068054
149,385,0.2552909851074219
149,3044,0.24759164452552795
149,3353,0.22589850425720215
149,2730,0.21783331036567688
149,2574,0.20922696590423584
149,1316,0.19453775882720947
149,742,0.18966680765151978
149,1764,0.18795742094516754
76,846,0.22016541659832
76,2359,0.21524296700954437
76,45,0.19827494025230408
76,1032,0.19800451397895813
76,2340,0.19627271592617035
76,392,0.18838074803352356
76,488,0.18782731890678406
76,2088,0.18602682650089264
27,2522,0.24232278764247894
27,945,0.24157385528087616
27,2111,0.2308458685874939
27,173,0.22176368534564972
27,2066,0.2176770269870758
27,2248,0.21479949355125427
27,31,0.21302124857902527
27,1077,0.20691484212875366
394,2918,0.2487485110759735
394,3137,0.22561149299144745
394,2674,0.22097010910511017
394,981,0.21862152218818665
394,939,0.21521756052970886
394,2996,0.2128804475069046
394,2856,0.2118781954050064
394,1165,0.21135196089744568
490,802,0.25595173239707947
490,2558,0.232389435172081
490,3299,0.21268002688884735
490,803,0.20529122650623322
490,3156,0.20479436218738556
490,1378,0.20157751441001892
490,2363,0.2006697952747345
490,2033,0.19855904579162598
807,3112,0.3095204532146454
807,1735,0.2508111298084259
807,2833,0.22335460782051086
807,1819,0.22323238849639893
807,2048,0.21965201199054718
807,2679,0.21747329831123352
807,2732,0.2147139310836792
807,1843,0.20886003971099854
158,137,0.2780757248401642
158,3230,0.24637524783611298
158,2245,0.22973862290382385
158,3077,0.21983349323272705
158,2823,0.21693865954875946
158,1740,0.20865659415721893
158,187,0.19910351932048798
158,1747,0.19823592901229858
82,3092,0.23388344049453735
82,1524,0.22192487120628357
82,1292,0.22000038623809814
82,1882,0.21401922404766083
82,2812,0.21306347846984863
82,1867,0.21275421977043152
82,538,0.21085692942142487
82,2703,0.19920912384986877
175,1984,0.2798311114311218
175,793,0.2576234042644501
175,1369,0.24608714878559113
175,1677,0.228271484375
175,110,0.21944592893123627
175,2990,0.21479801833629608
175,1008,0.2078571617603302
175,2936,0.20060457289218903
434,3032,0.2221275120973587
434,3068,0.22163142263889313
434,529,0.21380677819252014
434,194,0.2113478034734726
434,932,0.2051461786031723
434,2614,0.20012296736240387
434,1771,0.19503968954086304
434,1250,0.19220863282680511
167,1103,0.26746854186058044
167,829,0.261505663394928
167,1106,0.2297704666852951
167,1830,0.2170250415802002
167,3306,0.21486881375312805
167,842,0.20602063834667206
167,649,0.20166517794132233
167,974,0.19971735775470734
146,517,0.2463180124759674
146,325,0.23189203441143036
146,2822,0.23071938753128052
146,964,0.2277868092060089
146,599,0.2229740023612976
146,3229,0.21947838366031647
146,1982,0.21916162967681885
146,1009,0.21799802780151367
174,567,0.2515697181224823
174,3304,0.24368824064731598
174,3116,0.2365725189447403
174,1682,0.23419885337352753
174,1006,0.22009043395519257
174,2177,0.21723954379558563
174,1925,0.21633078157901764
174,1028,0.20019854605197906
64,1307,0.23070649802684784
64,1002,0.23007601499557495
64,470,0.22102892398834229
64,924,0.2205696702003479
64,625,0.21780282258987427
64,3192,0.21183373034000397
64,1271,0.21090207993984222
64,3405,0.20281994342803955
169,3120,0.22285552322864532
169,698,0.21443167328834534
169,1782,0.21159742772579193
169,2141,0.21106351912021637
169,264,0.20958882570266724
169,3205,0.20512019097805023
169,452,0.2045409083366394
169,364,0.20350223779678345
210,2552,0.2519059479236603
210,3055,0.22522355616092682
210,2420,0.21692140400409698
210,1946,0.21145714819431305
210,3149,0.20849516987800598
210,2201,0.20834578573703766
210,1476,0.20608235895633698
210,331,0.2000846564769745
75,3365,0.2477499544620514
75,186,0.22462588548660278
75,416,0.22178006172180176
75,1715,0.21286360919475555
75,1811,0.21040017902851105
75,2569,0.20721577107906342
75,287,0.19899269938468933
75,847,0.19776023924350739
140,3280,0.24518649280071259
140,586,0.22868220508098602
140,2358,0.22582344710826874
140,2556,0.21296009421348572
140,393,0.20912595093250275
140,1688,0.20812655985355377
140,2881,0.2046343982219696
140,2967,0.19748443365097046
136,979,0.23496262729167938
136,714,0.2331095039844513
136,3023,0.22078096866607666
136,3322,0.22025488317012787
136,2983,0.21890707314014435
136,788,0.2152659296989441
136,1793,0.206512451171875
136,1370,0.20445683598518372
508,828,0.2372758388519287
508,3240,0.22158367931842804
508,3054,0.22136497497558594
508,1729,0.21050602197647095
508,3319,0.20557542145252228
508,3040,0.20245033502578735
508,372,0.20192855596542358
508,136,0.20171234011650085
467,874,0.2516724765300751
467,3,0.2367357462644577
467,1508,0.23130635917186737
467,3216,0.22865083813667297
467,2981,0.22493918240070343
467,631,0.22248223423957825
467,2588,0.22095176577568054
467,1924,0.2195529043674469
25,454,0.24540013074874878
25,451,0.24067381024360657
25,33,0.2286035716533661
25,1055,0.21833087503910065
25,418,0.2178838849067688
25,2546,0.21104229986667633
25,1967,0.21098920702934265
25,155,0.20921845734119415
369,1843,0.23584571480751038
369,3129,0.23545438051223755
369,774,0.23523597419261932
369,1159,0.22981828451156616
369,3085,0.21629859507083893
369,1751,0.21277759969234467
369,409,0.2117382138967514
369,2850,0.20488092303276062
95,694,0.2808292508125305
95,321,0.25911274552345276
95,1781,0.23965132236480713
95,2201,0.2225787341594696
95,2352,0.21847985684871674
95,612,0.20765188336372375
95,1227,0.20450934767723083
95,2935,0.19757971167564392
190,1666,0.2349475473165512
190,1504,0.21026095747947693
190,1147,0.20951278507709503
190,2588,0.20928360521793365
190,3325,0.20362849533557892
190,2630,0.20339497923851013
190,1903,0.20316793024539948
190,1960,0.20225673913955688
532,3213,0.26296648383140564
532,2400,0.234463632106781
532,2492,0.20572620630264282
532,890,0.20245034992694855
532,1945,0.20202969014644623
532,920,0.19794602692127228
532,128,0.19659137725830078
532,2053,0.1949116736650467
214,1833,0.24966397881507874
214,3144,0.24716870486736298
214,1692,0.22863009572029114
214,445,0.21547859907150269
214,1449,0.2133597433567047
214,2675,0.21181154251098633
214,2938,0.21082703769207
214,3358,0.20775063335895538
1064,2767,0.28455108404159546
1064,183,0.26844125986099243
1064,1597,0.23987680673599243
1064,598,0.23297269642353058
1064,278,0.22154580056667328
1064,3346,0.21502600610256195
1064,2756,0.21494127810001373
1064,2186,0.21474966406822205
615,3041,0.2279042899608612
615,528,0.21255481243133545
615,2756,0.2049756795167923
615,1709,0.20281587541103363
615,2786,0.20050682127475739
615,1075,0.20044903457164764
615,1611,0.19946101307868958
615,1902,0.19927529990673065
629,606,0.22375082969665527
629,2427,0.21479034423828125
629,679,0.2092462033033371
629,1537,0.20838430523872375
629,2130,0.20727406442165375
629,2180,0.20642772316932678
629,91,0.20552009344100952
629,2700,0.20382465422153473
894,3239,0.2423734813928604
894,280,0.21986117959022522
894,2080,0.21844016015529633
894,3177,0.2163705825805664
894,315,0.21002402901649475
894,504,0.20571108162403107
894,391,0.20449821650981903
894,447,0.2002088576555252
573,1828,0.23201803863048553
573,2272,0.22177764773368835
573,3301,0.2043396383523941
573,570,0.20412752032279968
573,291,0.20041003823280334
573,897,0.19899685680866241
573,1125,0.19883479177951813
573,322,0.19816954433918
382,3189,0.25627297163009644
382,2578,0.24328294396400452
382,1349,0.220490500330925
382,1442,0.21858149766921997
382,1259,0.2074929177761078
382,207,0.20725089311599731
382,2412,0.19318126142024994
382,1857,0.19191168248653412
103,954,0.25476768612861633
103,1279,0.2362017035484314
103,2030,0.23382285237312317
103,1247,0.22006063163280487
103,2950,0.21436730027198792
103,412,0.21058480441570282
103,2703,0.2024158239364624
103,2009,0.19212882220745087
118,3064,0.2517586946487427
118,1840,0.24438101053237915
118,934,0.23644259572029114
118,3132,0.23602482676506042
118,782,0.231162890791893
118,2286,0.22858837246894836
118,2501,0.22801989316940308
118,1156,0.21102075278759003
317,907,0.2613564729690552
317,2841,0.251646488904953
317,876,0.24815429747104645
317,1654,0.2280927300453186
317,3265,0.2253648340702057
317,1498,0.22285053133964539
317,1470,0.21419787406921387
317,2237,0.2103036791086197
480,3167,0.25436660647392273
480,3158,0.22919848561286926
480,2768,0.22369210422039032
480,2923,0.20181214809417725
480,2346,0.1943851113319397
480,1721,0.19261008501052856
480,211,0.18108239769935608
480,3169,0.18030667304992676
176,1210,0.24040590226650238
176,346,0.24037295579910278
176,1047,0.23838600516319275
176,373,0.22600898146629333
176,2886,0.21438708901405334
176,484,0.21362249553203583
176,3374,0.21291756629943848
176,868,0.2105749398469925
633,205,0.23451627790927887
633,750,0.22252200543880463
633,888,0.22241239249706268
633,1359,0.22041909396648407
633,1696,0.21044795215129852
633,2487,0.20607559382915497
633,1513,0.2057451456785202
633,2605,0.203684002161026
93,1239,0.25401121377944946
93,2320,0.20956206321716309
93,1935,0.2084636390209198
93,1814,0.20832699537277222
93,945,0.20732846856117249
93,2166,0.2059163749217987
93,3401,0.20139293372631073
93,2614,0.19439715147018433
2211,1941,0.2606980800628662
2211,1831,0.25889429450035095
2211,2697,0.24726861715316772
2211,3151,0.23904000222682953
2211,895,0.2238207906484604
2211,1090,0.21675974130630493
2211,1645,0.2083658128976822
2211,2270,0.20450915396213531
1111,2969,0.2563003897666931
1111,686,0.235054612159729
1111,2987,0.22995878756046295
1111,1389,0.22395987808704376
1111,2641,0.21565327048301697
1111,2758,0.21370598673820496
1111,2693,0.2095690369606018
1111,1464,0.2058812528848648
40,348,0.23171111941337585
40,2196,0.2219248265028
40,1373,0.21546943485736847
40,2324,0.2138454169034958
40,3386,0.2104853391647339
40,2966,0.20780013501644135
40,741,0.20563380420207977
40,3123,0.1997351050376892
31,2506,0.21745562553405762
31,27,0.21302126348018646
31,2847,0.20247569680213928
31,2579,0.2015969455242157
31,566,0.19906972348690033
31,172,0.19200363755226135
31,3045,0.18973007798194885
31,393,0.18876643478870392
160,1719,0.24340161681175232
160,2106,0.24004723131656647
160,588,0.22141899168491364
160,3280,0.21716882288455963
160,256,0.2168494462966919
160,2671,0.20962202548980713
160,3030,0.20380471646785736
160,2207,0.1944607049226761
120,454,0.2349555939435959
120,1070,0.22145429253578186
120,467,0.2025519162416458
120,3209,0.2005227506160736
120,2929,0.198525533080101
120,258,0.1979246735572815
120,779,0.19669122993946075
120,694,0.19365128874778748
33,1029,0.2338600754737854
33,25,0.2286035716533661
33,1452,0.21081504225730896
33,2381,0.20915697515010834
33,2951,0.20830877125263214
33,2632,0.20570993423461914
33,1222,0.2034086138010025
33,2111,0.20165447890758514
565,359,0.2292340099811554
565,753,0.21866486966609955
565,2813,0.21525201201438904
565,1813,0.205216184258461
565,773,0.20501311123371124
565,1775,0.19854897260665894
565,58,0.18925964832305908
565,999,0.18840375542640686
2386,569,0.26551440358161926
2386,2583,0.2312909960746765
2386,1306,0.21417494118213654
2386,1060,0.2032778114080429
2386,2714,0.2024998515844345
2386,2379,0.19962409138679504
2386,2368,0.19771014153957367
2386,1954,0.1956791877746582
1155,1600,0.242596834897995
1155,891,0.23482201993465424
1155,2039,0.21208778023719788
1155,1578,0.20466355979442596
1155,1558,0.20297372341156006
1155,232,0.1992427259683609
1155,1533,0.19592201709747314
1155,989,0.19260182976722717
689,2351,0.23968151211738586
689,2613,0.23143884539604187
689,465,0.23127155005931854
689,2825,0.22220343351364136
689,2160,0.20893828570842743
689,2755,0.20352120697498322
689,2694,0.20131157338619232
689,3220,0.20085816085338593
676,814,0.3066660463809967
676,1084,0.25733789801597595
676,370,0.23280054330825806
676,624,0.22104108333587646
676,1809,0.22099551558494568
676,3347,0.21922944486141205
676,1805,0.21883657574653625
676,427,0.21817128360271454
